<?xml version="1.0" encoding="UTF-8"?>
<project-private xmlns="http://www.netbeans.org/ns/project-private/1">
    <editor-bookmarks xmlns="http://www.netbeans.org/ns/editor-bookmarks/2" lastBookmarkId="0"/>
    <open-files xmlns="http://www.netbeans.org/ns/projectui-open-files/2">
        <group>
            <file>file:/C:/Users/SUDHANSHU%20YADAV/Documents/NetBeansProjects/CoronaHospital/src/coronahospital/gui/ViewChannelDoctor.java</file>
            <file>file:/C:/Users/SUDHANSHU%20YADAV/Documents/NetBeansProjects/CoronaHospital/src/coronahospital/dao/ChannelDao.java</file>
            <file>file:/C:/Users/SUDHANSHU%20YADAV/Documents/NetBeansProjects/CoronaHospital/src/coronahospital/gui/PharmacistDashboard.java</file>
            <file>file:/C:/Users/SUDHANSHU%20YADAV/Documents/NetBeansProjects/CoronaHospital/src/coronahospital/gui/ViewPrescription.java</file>
            <file>file:/C:/Users/SUDHANSHU%20YADAV/Documents/NetBeansProjects/CoronaHospital/src/coronahospital/dao/PrescriptionDao.java</file>
            <file>file:/C:/Users/SUDHANSHU%20YADAV/Documents/NetBeansProjects/CoronaHospital/src/coronahospital/gui/Prescription.java</file>
            <file>file:/C:/Users/SUDHANSHU%20YADAV/Documents/NetBeansProjects/CoronaHospital/src/coronahospital/gui/Login.java</file>
        </group>
    </open-files>
</project-private>
